order,M,K,N,rep,time_ns
ijk,256,256,256,0,17158286
ijk,256,256,256,1,17154176
ijk,256,256,256,2,17152282
ijk,256,256,256,3,17148302
ijk,256,256,256,4,17145872
ijk,256,256,256,5,17144406
ijk,256,256,256,6,17144742
ijk,256,256,256,7,17146644
ijk,256,256,256,8,17149336
ijk,256,256,256,9,17156704
ijk,256,256,256,10,17142006
ijk,256,256,256,11,17144664
ijk,256,256,256,12,17247340
ijk,256,256,256,13,17141988
ijk,256,256,256,14,17144714
ijk,256,256,256,15,17147288
ijk,256,256,256,16,17148536
ijk,256,256,256,17,17143504
ijk,256,256,256,18,17143826
ijk,256,256,256,19,17158400
ijk,256,256,256,20,17152466
ijk,256,256,256,21,17144492
ijk,256,256,256,22,17144478
ijk,256,256,256,23,17140222
ijk,256,256,256,24,17145172
ijk,256,256,256,25,17146916
ijk,256,256,256,26,17156504
ijk,256,256,256,27,17153018
ijk,256,256,256,28,17157880
ijk,256,256,256,29,17142022
ikj,256,256,256,0,9574938
ikj,256,256,256,1,9566126
ikj,256,256,256,2,9511246
ikj,256,256,256,3,9442430
ikj,256,256,256,4,9445020
ikj,256,256,256,5,9441432
ikj,256,256,256,6,9445904
ikj,256,256,256,7,9441096
ikj,256,256,256,8,9444134
ikj,256,256,256,9,9443912
ikj,256,256,256,10,9567840
ikj,256,256,256,11,9568736
ikj,256,256,256,12,9564886
ikj,256,256,256,13,9568790
ikj,256,256,256,14,9565164
ikj,256,256,256,15,9565666
ikj,256,256,256,16,9570568
ikj,256,256,256,17,9489962
ikj,256,256,256,18,9444136
ikj,256,256,256,19,9442652
ikj,256,256,256,20,9445994
ikj,256,256,256,21,9440892
ikj,256,256,256,22,9509250
ikj,256,256,256,23,9442856
ikj,256,256,256,24,9443868
ikj,256,256,256,25,9440480
ikj,256,256,256,26,9444608
ikj,256,256,256,27,9443158
ikj,256,256,256,28,9443932
ikj,256,256,256,29,9440918
jik,256,256,256,0,18065390
jik,256,256,256,1,18064856
jik,256,256,256,2,18060100
jik,256,256,256,3,18065408
jik,256,256,256,4,18064454
jik,256,256,256,5,18069712
jik,256,256,256,6,18065214
jik,256,256,256,7,18067898
jik,256,256,256,8,18063172
jik,256,256,256,9,18068742
jik,256,256,256,10,18070664
jik,256,256,256,11,18067644
jik,256,256,256,12,18067840
jik,256,256,256,13,18070872
jik,256,256,256,14,18066374
jik,256,256,256,15,18076178
jik,256,256,256,16,18068224
jik,256,256,256,17,18071486
jik,256,256,256,18,18070062
jik,256,256,256,19,18064600
jik,256,256,256,20,18069216
jik,256,256,256,21,18068876
jik,256,256,256,22,18066268
jik,256,256,256,23,18080964
jik,256,256,256,24,18078578
jik,256,256,256,25,18071296
jik,256,256,256,26,18066618
jik,256,256,256,27,18066732
jik,256,256,256,28,18065784
jik,256,256,256,29,18069476
jki,256,256,256,0,55419848
jki,256,256,256,1,55451550
jki,256,256,256,2,55426110
jki,256,256,256,3,55426832
jki,256,256,256,4,55433728
jki,256,256,256,5,55417940
jki,256,256,256,6,55433320
jki,256,256,256,7,55433430
jki,256,256,256,8,55421642
jki,256,256,256,9,55451492
jki,256,256,256,10,55422212
jki,256,256,256,11,55437634
jki,256,256,256,12,55420442
jki,256,256,256,13,55417036
jki,256,256,256,14,55435464
jki,256,256,256,15,55453052
jki,256,256,256,16,55415436
jki,256,256,256,17,55420086
jki,256,256,256,18,55419814
jki,256,256,256,19,55452004
jki,256,256,256,20,55441018
jki,256,256,256,21,55408244
jki,256,256,256,22,55397648
jki,256,256,256,23,55395262
jki,256,256,256,24,55400694
jki,256,256,256,25,55397258
jki,256,256,256,26,55395452
jki,256,256,256,27,55391076
jki,256,256,256,28,55388268
jki,256,256,256,29,55404578
kij,256,256,256,0,9960264
kij,256,256,256,1,9972130
kij,256,256,256,2,9959094
kij,256,256,256,3,9961202
kij,256,256,256,4,9967716
kij,256,256,256,5,9973082
kij,256,256,256,6,9970284
kij,256,256,256,7,9973592
kij,256,256,256,8,9964978
kij,256,256,256,9,9965730
kij,256,256,256,10,9961620
kij,256,256,256,11,9962804
kij,256,256,256,12,9957972
kij,256,256,256,13,9956292
kij,256,256,256,14,9945140
kij,256,256,256,15,9954536
kij,256,256,256,16,9957772
kij,256,256,256,17,9961744
kij,256,256,256,18,9960546
kij,256,256,256,19,9957432
kij,256,256,256,20,9957136
kij,256,256,256,21,9960668
kij,256,256,256,22,9960642
kij,256,256,256,23,9957588
kij,256,256,256,24,9960904
kij,256,256,256,25,9968632
kij,256,256,256,26,9957940
kij,256,256,256,27,9962376
kij,256,256,256,28,9959452
kij,256,256,256,29,9956452
kji,256,256,256,0,54799208
kji,256,256,256,1,54784160
kji,256,256,256,2,54807426
kji,256,256,256,3,54805892
kji,256,256,256,4,54797600
kji,256,256,256,5,54788858
kji,256,256,256,6,54807716
kji,256,256,256,7,54803092
kji,256,256,256,8,54798130
kji,256,256,256,9,54799616
kji,256,256,256,10,54797846
kji,256,256,256,11,54798830
kji,256,256,256,12,54789276
kji,256,256,256,13,54801478
kji,256,256,256,14,54798244
kji,256,256,256,15,54825068
kji,256,256,256,16,54827936
kji,256,256,256,17,54812154
kji,256,256,256,18,54815340
kji,256,256,256,19,54812064
kji,256,256,256,20,54822600
kji,256,256,256,21,54792186
kji,256,256,256,22,54815006
kji,256,256,256,23,54804518
kji,256,256,256,24,54801208
kji,256,256,256,25,54797844
kji,256,256,256,26,54802956
kji,256,256,256,27,54801784
kji,256,256,256,28,54817086
kji,256,256,256,29,54824142
ijk,512,512,512,0,415804690
ijk,512,512,512,1,415822562
ijk,512,512,512,2,415835424
ijk,512,512,512,3,416007884
ijk,512,512,512,4,415806788
ijk,512,512,512,5,415796622
ijk,512,512,512,6,415806046
ijk,512,512,512,7,415875656
ijk,512,512,512,8,415797620
ijk,512,512,512,9,415814630
ijk,512,512,512,10,415823234
ijk,512,512,512,11,415806776
ijk,512,512,512,12,415864812
ijk,512,512,512,13,415823170
ijk,512,512,512,14,415796426
ikj,512,512,512,0,74618006
ikj,512,512,512,1,75023226
ikj,512,512,512,2,75093374
ikj,512,512,512,3,75099628
ikj,512,512,512,4,74810622
ikj,512,512,512,5,74499868
ikj,512,512,512,6,74490496
ikj,512,512,512,7,75001476
ikj,512,512,512,8,74723790
ikj,512,512,512,9,74666416
ikj,512,512,512,10,74648722
ikj,512,512,512,11,74590410
ikj,512,512,512,12,74999540
ikj,512,512,512,13,74889588
ikj,512,512,512,14,74786540
jik,512,512,512,0,446346040
jik,512,512,512,1,446391300
jik,512,512,512,2,446316910
jik,512,512,512,3,446365424
jik,512,512,512,4,446333974
jik,512,512,512,5,446361546
jik,512,512,512,6,446358884
jik,512,512,512,7,446345702
jik,512,512,512,8,446338156
jik,512,512,512,9,446339750
jik,512,512,512,10,446351572
jik,512,512,512,11,446373032
jik,512,512,512,12,446359232
jik,512,512,512,13,446349976
jik,512,512,512,14,446394738
jki,512,512,512,0,868006280
jki,512,512,512,1,867978580
jki,512,512,512,2,867963206
jki,512,512,512,3,867966718
jki,512,512,512,4,867978698
jki,512,512,512,5,867995904
jki,512,512,512,6,868033888
jki,512,512,512,7,868014106
jki,512,512,512,8,868015030
jki,512,512,512,9,867999132
jki,512,512,512,10,868002332
jki,512,512,512,11,868022572
jki,512,512,512,12,867971600
jki,512,512,512,13,868045272
jki,512,512,512,14,868012430
kij,512,512,512,0,78045212
kij,512,512,512,1,78037746
kij,512,512,512,2,78125628
kij,512,512,512,3,78027224
kij,512,512,512,4,78127008
kij,512,512,512,5,78042744
kij,512,512,512,6,78135288
kij,512,512,512,7,78051864
kij,512,512,512,8,78116550
kij,512,512,512,9,78040516
kij,512,512,512,10,78138484
kij,512,512,512,11,78028814
kij,512,512,512,12,78037964
kij,512,512,512,13,78026748
kij,512,512,512,14,78035084
kji,512,512,512,0,870347308
kji,512,512,512,1,870387524
kji,512,512,512,2,870293006
kji,512,512,512,3,870323136
kji,512,512,512,4,870312532
kji,512,512,512,5,870357794
kji,512,512,512,6,870333690
kji,512,512,512,7,870378762
kji,512,512,512,8,870346030
kji,512,512,512,9,870346184
kji,512,512,512,10,870368994
kji,512,512,512,11,870342368
kji,512,512,512,12,870302592
kji,512,512,512,13,870333316
kji,512,512,512,14,870330042
ijk,1024,1024,1024,0,3101876008
ijk,1024,1024,1024,1,3101444060
ijk,1024,1024,1024,2,3101297784
ijk,1024,1024,1024,3,3101233024
ijk,1024,1024,1024,4,3101322780
ijk,1024,1024,1024,5,3101170088
ijk,1024,1024,1024,6,3101277894
ijk,1024,1024,1024,7,3101176368
ijk,1024,1024,1024,8,3101216950
ijk,1024,1024,1024,9,3101537024
ikj,1024,1024,1024,0,591929996
ikj,1024,1024,1024,1,592400010
ikj,1024,1024,1024,2,592466934
ikj,1024,1024,1024,3,592283526
ikj,1024,1024,1024,4,592317994
ikj,1024,1024,1024,5,592391808
ikj,1024,1024,1024,6,592246680
ikj,1024,1024,1024,7,591361494
ikj,1024,1024,1024,8,592524332
ikj,1024,1024,1024,9,591866138
jik,1024,1024,1024,0,3300829756
jik,1024,1024,1024,1,3300671452
jik,1024,1024,1024,2,3301048700
jik,1024,1024,1024,3,3304089964
jik,1024,1024,1024,4,3309370920
jik,1024,1024,1024,5,3308328538
jik,1024,1024,1024,6,3308219890
jik,1024,1024,1024,7,3303445402
jik,1024,1024,1024,8,3763845486
jik,1024,1024,1024,9,3665948312
jki,1024,1024,1024,0,6882836286
jki,1024,1024,1024,1,6774444318
jki,1024,1024,1024,2,6814518624
jki,1024,1024,1024,3,6748790798
jki,1024,1024,1024,4,6804389604
jki,1024,1024,1024,5,6797142136
jki,1024,1024,1024,6,6777922672
jki,1024,1024,1024,7,6781595472
jki,1024,1024,1024,8,6896109336
jki,1024,1024,1024,9,6735241950
kij,1024,1024,1024,0,625446048
kij,1024,1024,1024,1,625773432
kij,1024,1024,1024,2,623809052
kij,1024,1024,1024,3,624313100
kij,1024,1024,1024,4,624977392
kij,1024,1024,1024,5,626038376
kij,1024,1024,1024,6,624452158
kij,1024,1024,1024,7,625510644
kij,1024,1024,1024,8,624879260
kij,1024,1024,1024,9,625632994
kji,1024,1024,1024,0,6753317044
kji,1024,1024,1024,1,6761901704
kji,1024,1024,1024,2,6769329302
kji,1024,1024,1024,3,6758184750
kji,1024,1024,1024,4,6795458800
kji,1024,1024,1024,5,6770679006
kji,1024,1024,1024,6,6819807598
kji,1024,1024,1024,7,6776383870
kji,1024,1024,1024,8,6769856450
kji,1024,1024,1024,9,6784351290
ijk,512,1024,256,0,413606878
ijk,512,1024,256,1,417399786
ijk,512,1024,256,2,417009068
ijk,512,1024,256,3,416945940
ijk,512,1024,256,4,416934796
ijk,512,1024,256,5,416922008
ijk,512,1024,256,6,416947096
ijk,512,1024,256,7,416978882
ijk,512,1024,256,8,416953812
ijk,512,1024,256,9,416959528
ijk,512,1024,256,10,416952972
ijk,512,1024,256,11,416964822
ijk,512,1024,256,12,416955608
ijk,512,1024,256,13,416967288
ijk,512,1024,256,14,416958836
ikj,512,1024,256,0,76256180
ikj,512,1024,256,1,75714258
ikj,512,1024,256,2,76514056
ikj,512,1024,256,3,76764228
ikj,512,1024,256,4,76776426
ikj,512,1024,256,5,76683836
ikj,512,1024,256,6,76393560
ikj,512,1024,256,7,76782316
ikj,512,1024,256,8,76693112
ikj,512,1024,256,9,76645996
ikj,512,1024,256,10,76664164
ikj,512,1024,256,11,76683106
ikj,512,1024,256,12,76679526
ikj,512,1024,256,13,76685742
ikj,512,1024,256,14,76677842
jik,512,1024,256,0,445389316
jik,512,1024,256,1,445365480
jik,512,1024,256,2,445392764
jik,512,1024,256,3,445375334
jik,512,1024,256,4,445401200
jik,512,1024,256,5,445352520
jik,512,1024,256,6,445427272
jik,512,1024,256,7,445370936
jik,512,1024,256,8,445409936
jik,512,1024,256,9,445389786
jik,512,1024,256,10,445395972
jik,512,1024,256,11,445412344
jik,512,1024,256,12,445384782
jik,512,1024,256,13,445388516
jik,512,1024,256,14,445352802
jki,512,1024,256,0,660106396
jki,512,1024,256,1,660142514
jki,512,1024,256,2,660074616
jki,512,1024,256,3,660062650
jki,512,1024,256,4,660070050
jki,512,1024,256,5,660166608
jki,512,1024,256,6,660116010
jki,512,1024,256,7,660138172
jki,512,1024,256,8,660220674
jki,512,1024,256,9,660180852
jki,512,1024,256,10,660187420
jki,512,1024,256,11,660120448
jki,512,1024,256,12,660105784
jki,512,1024,256,13,660142860
jki,512,1024,256,14,660103994
kij,512,1024,256,0,83648516
kij,512,1024,256,1,83651374
kij,512,1024,256,2,83647508
kij,512,1024,256,3,83654034
kij,512,1024,256,4,83652240
kij,512,1024,256,5,83656220
kij,512,1024,256,6,83664942
kij,512,1024,256,7,83650354
kij,512,1024,256,8,83666580
kij,512,1024,256,9,83665680
kij,512,1024,256,10,83657866
kij,512,1024,256,11,83655868
kij,512,1024,256,12,83647972
kij,512,1024,256,13,83655210
kij,512,1024,256,14,83646130
kji,512,1024,256,0,658304760
kji,512,1024,256,1,658270402
kji,512,1024,256,2,658333518
kji,512,1024,256,3,658298576
kji,512,1024,256,4,658332556
kji,512,1024,256,5,658261384
kji,512,1024,256,6,658307252
kji,512,1024,256,7,658291836
kji,512,1024,256,8,658327268
kji,512,1024,256,9,658238552
kji,512,1024,256,10,658300544
kji,512,1024,256,11,658268350
kji,512,1024,256,12,658292330
kji,512,1024,256,13,658353528
kji,512,1024,256,14,658315810
